"","pitch_type","game_date","release_speed","release_pos_x","release_pos_z","player_name","batter","pitcher","events","description","spin_dir","spin_rate_deprecated","break_angle_deprecated","break_length_deprecated","zone","des","game_type","stand","p_throws","home_team","away_team","type","hit_location","bb_type","balls","strikes","game_year","pfx_x","pfx_z","plate_x","plate_z","on_3b","on_2b","on_1b","outs_when_up","inning","inning_topbot","hc_x","hc_y","tfs_deprecated","tfs_zulu_deprecated","umpire","sv_id","vx0","vy0","vz0","ax","ay","az","sz_top","sz_bot","hit_distance_sc","launch_speed","launch_angle","effective_speed","release_spin_rate","release_extension","game_pk","fielder_2","fielder_3","fielder_4","fielder_5","fielder_6","fielder_7","fielder_8","fielder_9","release_pos_y","estimated_ba_using_speedangle","estimated_woba_using_speedangle","woba_value","woba_denom","babip_value","iso_value","launch_speed_angle","at_bat_number","pitch_number","pitch_name","home_score","away_score","bat_score","fld_score","post_away_score","post_home_score","post_bat_score","post_fld_score","if_fielding_alignment","of_fielding_alignment","spin_axis","delta_home_win_exp","delta_run_exp","bat_speed","swing_length","estimated_slg_using_speedangle","delta_pitcher_run_exp","hyper_speed","home_score_diff","bat_score_diff","home_win_exp","bat_win_exp","age_pit_legacy","age_bat_legacy","age_pit","age_bat","n_thruorder_pitcher","n_priorpa_thisgame_player_at_bat","pitcher_days_since_prev_game","batter_days_since_prev_game","pitcher_days_until_next_game","batter_days_until_next_game","api_break_z_with_gravity","api_break_x_arm","api_break_x_batter_in","arm_angle"
"1","SI",2023-08-26,88.3,3.61,3.57,"Kolarek, Adam",519058,592473,"field_out","hit_into_play",NA,NA,NA,NA,13,"Mike Moustakas grounds out, shortstop Francisco Lindor to first baseman Pete Alonso.","R","L","L","NYM","LAA","X",6,"ground_ball",0,1,2023,0.62,0.22,-0.85,1.87,NA,NA,NA,2,7,"Top",151.45,153.89,NA,NA,NA,NA,-12.2019305378558,-128.067203171068,1.54995731689201,9.28138817374892,26.1230503381461,-30.3668429348755,3.44,1.61,95,89.3,5,88.7,2317,6.7,716840,553882,624413,643446,660620,596019,542364,607043,621466,53.8,0.409,0.368,0,1,0,0,4,58,2,"Sinker",3,5,5,3,5,3,5,3,"Infield shade","Standard",110,0.008,-0.23,64.6,7.4,0.438,0.23,89.3,-2,2,0.201,0.799,34,34,34,35,1,3,1,1,NA,2,2.72,0.62,0.62,-11.5
"2","SL",2023-08-26,77.5,3.65,3.68,"Kolarek, Adam",519058,592473,"","called_strike",NA,NA,NA,NA,2,"Mike Moustakas grounds out, shortstop Francisco Lindor to first baseman Pete Alonso.","R","L","L","NYM","LAA","S",NA,"",0,0,2023,-1.38,0.65,-0.01,3.4,NA,NA,NA,2,7,"Top",NA,NA,NA,NA,NA,NA,-5.32933209522531,-112.640637632313,5.24693728079343,-10.6356463730803,21.6580404489339,-27.9386629303686,3.43,1.59,NA,NA,NA,77.7,2386,6.6,716840,553882,624413,643446,660620,596019,542364,607043,621466,53.87,NA,NA,NA,NA,NA,NA,NA,58,1,"Slider",3,5,5,3,5,3,5,3,"Infield shade","Standard",274,0,-0.045,NA,NA,NA,0.045,NA,-2,2,0.201,0.799,34,34,34,35,1,3,1,1,NA,2,3.17,-1.38,-1.38,-12.1
"3","SL",2023-08-26,78.9,3.58,3.46,"Kolarek, Adam",592273,592473,"strikeout","called_strike",NA,NA,NA,NA,9,"Brandon Drury called out on strikes.","R","R","L","NYM","LAA","S",2,"",0,2,2023,-1.02,0.8,0.69,1.88,NA,NA,NA,1,7,"Top",NA,NA,NA,NA,NA,NA,-4.3729535677446,-114.752568174351,1.97264102449803,-8.06702536734925,23.7887785296324,-25.8090011402738,3.66,1.77,NA,NA,NA,78.5,2487,6.3,716840,553882,624413,643446,660620,596019,542364,607043,621466,54.17,NA,0,0,1,0,0,NA,57,3,"Slider",3,5,5,3,5,3,5,3,"Standard","Standard",271,0.011,-0.17,NA,NA,NA,0.17,NA,-2,2,0.19,0.81,34,30,34,31,1,3,1,1,NA,1,2.9,-1.02,1.02,-13.1
"4","FF",2023-08-26,88.5,3.7,3.55,"Kolarek, Adam",592273,592473,"","called_strike",NA,NA,NA,NA,13,"Brandon Drury called out on strikes.","R","R","L","NYM","LAA","S",NA,"",0,1,2023,0.77,0.53,-0.86,2.55,NA,NA,NA,1,7,"Top",NA,NA,NA,NA,NA,NA,-12.8058169687873,-128.245410705336,2.59357859558131,11.0731140057773,25.0948035287318,-27.1107243654418,3.63,1.68,NA,NA,NA,89.1,2247,6.8,716840,553882,624413,643446,660620,596019,542364,607043,621466,53.72,NA,NA,NA,NA,NA,NA,NA,57,2,"4-Seam Fastball",3,5,5,3,5,3,5,3,"Standard","Standard",117,0,-0.057,NA,NA,NA,0.057,NA,-2,2,0.19,0.81,34,30,34,31,1,3,1,1,NA,1,2.39,0.77,-0.77,-10.8
"5","FF",2023-08-26,88.4,3.67,3.48,"Kolarek, Adam",592273,592473,"","swinging_strike",NA,NA,NA,NA,6,"Brandon Drury called out on strikes.","R","R","L","NYM","LAA","S",NA,"",0,0,2023,1.38,0.71,0.29,3.01,NA,NA,NA,1,7,"Top",NA,NA,NA,NA,NA,NA,-11.1533815778978,-128.226513398257,3.52632876634407,17.553654828423,26.414992754258,-25.3767593137659,3.63,1.77,NA,NA,NA,88.8,2235,6.7,716840,553882,624413,643446,660620,596019,542364,607043,621466,53.79,NA,NA,NA,NA,NA,NA,NA,57,1,"4-Seam Fastball",3,5,5,3,5,3,5,3,"Standard","Standard",99,0,-0.041,73.6,7.3,NA,0.041,NA,-2,2,0.19,0.81,34,30,34,31,1,3,1,1,NA,1,2.23,1.38,-1.38,-15.6
"6","SL",2023-08-26,76.4,3.66,3.52,"Kolarek, Adam",660271,592473,"field_out","hit_into_play",NA,NA,NA,NA,4,"Shohei Ohtani flies out to center fielder Brandon Nimmo.","R","L","L","NYM","LAA","X",8,"fly_ball",1,0,2023,-1.19,0.79,-0.66,2.35,NA,NA,NA,0,7,"Top",139.92,94.02,NA,NA,NA,NA,-7.00398323822457,-111.010396358074,3.27646466084291,-8.32837155244316,22.0803046536575,-26.6270149593223,3.44,1.6,265,76.1,37,76.5,2244,6.7,716840,553882,624413,643446,660620,596019,542364,607043,621466,53.81,0.117,0.114,0,1,0,0,3,56,2,"Slider",3,5,5,3,5,3,5,3,"Infield shade","Standard",276,0.014,-0.306,68.9,7.8,0.163,0.306,88,-2,2,0.176,0.824,34,28,34,29,1,3,1,1,NA,1,3.16,-1.19,-1.19,-12.5
"7","SI",2023-08-26,86.1,3.65,3.19,"Kolarek, Adam",660271,592473,"","ball",NA,NA,NA,NA,11,"Shohei Ohtani flies out to center fielder Brandon Nimmo.","R","L","L","NYM","LAA","B",NA,"",0,0,2023,1.21,-0.3,-1.44,2.74,NA,NA,NA,0,7,"Top",NA,NA,NA,NA,NA,NA,-14.5285243546586,-124.461506416928,5.87765469416224,15.4281156005682,23.8208383996654,-36.8637743529588,3.52,1.65,NA,NA,NA,86.2,2155,6.6,716840,553882,624413,643446,660620,596019,542364,607043,621466,53.89,NA,NA,NA,NA,NA,NA,NA,56,1,"Sinker",3,5,5,3,5,3,5,3,"Infield shade","Standard",84,0,0.04,NA,NA,NA,-0.04,NA,-2,2,0.176,0.824,34,28,34,29,1,3,1,1,NA,1,3.4,1.21,1.21,-23
"8","SL",2023-08-25,77.2,3.8,3.9,"Kolarek, Adam",519058,592473,"strikeout","swinging_strike",NA,NA,NA,NA,13,"Mike Moustakas strikes out swinging.  Andrew Velazquez steals (12) 2nd base.","R","L","L","NYM","LAA","S",2,"",1,2,2023,-1.25,0.58,-1.47,1.18,NA,NA,623205,1,8,"Top",NA,NA,NA,NA,NA,NA,-8.99975675165476,-111.989131703634,0.272805776584899,-8.49691546522108,23.4117475356396,-27.6879492380344,3.43,1.61,NA,NA,NA,77.2,2428,6.8,716855,682626,624413,664901,660620,596019,641796,607043,643446,53.67,NA,0,0,1,0,0,NA,59,5,"Slider",1,2,2,1,2,1,2,1,"Infield shade","Standard",285,0.015,-0.183,31.3,7.5,NA,0.183,NA,-1,1,0.245,0.755,34,34,34,35,1,3,3,2,1,1,3.32,-1.25,-1.25,-5.7
"9","FF",2023-08-25,89.5,3.9,3.82,"Kolarek, Adam",519058,592473,"","foul",NA,NA,NA,NA,4,"Mike Moustakas strikes out swinging.  Andrew Velazquez steals (12) 2nd base.","R","L","L","NYM","LAA","S",NA,"",1,2,2023,1.23,0.51,-0.75,2.49,NA,NA,623205,1,8,"Top",NA,NA,NA,NA,NA,NA,-14.0759219534461,-129.569006321804,1.71073545372257,16.7707309884835,26.0746398875893,-27.0723277364144,3.43,1.61,253,83.7,47,89.5,2156,6.5,716855,682626,624413,664901,660620,596019,641796,607043,643446,54.01,NA,NA,NA,NA,NA,NA,NA,59,4,"4-Seam Fastball",1,2,2,1,2,1,2,1,"Infield shade","Standard",99,0,0,63.3,6.9,NA,0,88,-1,1,0.245,0.755,34,34,34,35,1,3,3,2,1,1,2.36,1.23,1.23,-8.4
"10","SI",2023-08-25,87.3,4.25,3.32,"Kolarek, Adam",519058,592473,"","foul",NA,NA,NA,NA,14,"Mike Moustakas strikes out swinging.  Andrew Velazquez steals (12) 2nd base.","R","L","L","NYM","LAA","S",NA,"",1,1,2023,1.13,-0.5,0.94,2.11,NA,NA,623205,1,8,"Top",NA,NA,NA,NA,NA,NA,-10.2722415533424,-126.566505189008,4.34083577540917,14.3211482895828,26.4448787736026,-38.7917512206423,3.43,1.61,3,67.7,-32,87.1,2318,6.4,716855,682626,624413,664901,660620,596019,641796,607043,643446,54.1,NA,NA,NA,NA,NA,NA,NA,59,3,"Sinker",1,2,2,1,2,1,2,1,"Strategic","Standard",101,0,-0.055,73.4,7.4,NA,0.055,88,-1,1,0.245,0.755,34,34,34,35,1,3,3,2,1,1,3.52,1.13,1.13,-19.4
"11","SI",2023-08-25,86,3.96,3.29,"Kolarek, Adam",519058,592473,"","ball",NA,NA,NA,NA,13,"Mike Moustakas strikes out swinging.  Andrew Velazquez steals (12) 2nd base.","R","L","L","NYM","LAA","B",NA,"",0,1,2023,1.18,-0.59,-1.46,1.65,NA,NA,623205,1,8,"Top",NA,NA,NA,NA,NA,NA,-15.1737939603411,-124.248887369194,3.68273657546968,15.3468406072538,25.6633312748814,-39.3834855126027,3.4,1.5,NA,NA,NA,85.5,2045,6.4,716855,682626,624413,664901,660620,596019,641796,607043,643446,54.06,NA,NA,NA,NA,NA,NA,NA,59,2,"Sinker",1,2,2,1,2,1,2,1,"Infield shade","Standard",80,0,0.025,NA,NA,NA,-0.025,NA,-1,1,0.245,0.755,34,34,34,35,1,3,3,2,1,1,3.72,1.18,1.18,-20.9
"12","FF",2023-08-25,87.6,3.98,3.6,"Kolarek, Adam",519058,592473,"","foul",NA,NA,NA,NA,5,"Mike Moustakas strikes out swinging.  Andrew Velazquez steals (12) 2nd base.","R","L","L","NYM","LAA","S",NA,"",0,0,2023,1.23,0.59,-0.15,2.8,NA,NA,623205,1,8,"Top",NA,NA,NA,NA,NA,NA,-12.5739189603218,-126.906601536618,3.03318598854473,15.8111070325782,25.1114660065779,-26.6253866328693,3.43,1.61,135,73.3,66,88.1,2135,6.8,716855,682626,624413,664901,660620,596019,641796,607043,643446,53.73,NA,NA,NA,NA,NA,NA,NA,59,1,"4-Seam Fastball",1,2,2,1,2,1,2,1,"Infield shade","Standard",101,0,-0.042,64.7,6.9,NA,0.042,88,-1,1,0.245,0.755,34,34,34,35,1,3,3,2,1,1,2.39,1.23,1.23,-15
"13","SI",2023-08-25,85.1,4.13,3.01,"Kolarek, Adam",592273,592473,"single","hit_into_play",NA,NA,NA,NA,14,"Brandon Drury singles on a ground ball to third baseman Jonathan Arauz.","R","R","L","NYM","LAA","X",5,"ground_ball",0,1,2023,0.82,-0.74,0.42,1.6,NA,NA,NA,1,8,"Top",107.82,172.68,NA,NA,NA,NA,-10.3329082569642,-123.459357832265,4.52984754366072,10.3232801373349,23.3243554087618,-40.9680930916277,3.64,1.78,2,73.5,-43,85.2,2145,6.4,716855,682626,624413,664901,660620,596019,641796,607043,643446,54.09,0.111,0.098,0.9,1,1,0,2,58,2,"Sinker",1,2,2,1,2,1,2,1,"Standard","Standard",80,-0.024,0.457,74,7.8,0.111,-0.457,88,-1,1,0.269,0.731,34,30,34,31,1,3,3,2,1,1,3.9,0.82,-0.82,-27.4
"14","FF",2023-08-25,87.7,3.97,3.48,"Kolarek, Adam",592273,592473,"","called_strike",NA,NA,NA,NA,12,"Brandon Drury singles on a ground ball to third baseman Jonathan Arauz.","R","R","L","NYM","LAA","S",NA,"",0,0,2023,1.23,0.48,0.9,2.69,NA,NA,NA,1,8,"Top",NA,NA,NA,NA,NA,NA,-9.9931002920894,-127.297482936897,3.25451320253903,15.3753433947262,25.4555185386943,-27.9096485269784,3.58,1.74,NA,NA,NA,88.1,2219,6.6,716855,682626,624413,664901,660620,596019,641796,607043,643446,53.87,NA,NA,NA,NA,NA,NA,NA,58,1,"4-Seam Fastball",1,2,2,1,2,1,2,1,"Standard","Standard",75,0,-0.041,NA,NA,NA,0.041,NA,-1,1,0.269,0.731,34,30,34,31,1,3,3,2,1,1,2.5,1.23,-1.23,-18.4
"15","SL",2023-08-25,78.4,3.89,3.65,"Kolarek, Adam",660271,592473,"field_out","hit_into_play",NA,NA,NA,NA,9,"Shohei Ohtani grounds out sharply, first baseman Pete Alonso to pitcher Adam Kolarek.","R","L","L","NYM","LAA","X",3,"ground_ball",1,1,2023,-0.56,0.29,0.38,2.02,NA,NA,NA,0,8,"Top",156.58,160.47,NA,NA,NA,NA,-6.59035611967161,-113.935308400301,2.89862467612286,-3.58538167512327,22.4021604627998,-30.5261252291662,3.45,1.61,56,87.2,2,78.6,2145,6.7,716855,682626,624413,664901,660620,596019,641796,607043,643446,53.85,0.323,0.309,0,1,0,0,2,57,3,"Slider",1,2,2,1,2,1,2,1,"Infield shade","Standard",269,0.022,-0.254,80.7,8.1,0.355,0.254,88,-1,1,0.247,0.753,34,28,34,29,1,3,3,2,1,1,3.45,-0.56,-0.56,-13.1
"16","FF",2023-08-25,87.9,3.95,3.5,"Kolarek, Adam",660271,592473,"","ball",NA,NA,NA,NA,11,"Shohei Ohtani grounds out sharply, first baseman Pete Alonso to pitcher Adam Kolarek.","R","L","L","NYM","LAA","B",NA,"",0,1,2023,1.21,0.68,-0.3,3.97,NA,NA,NA,0,8,"Top",NA,NA,NA,NA,NA,NA,-12.8452774063088,-127.157632276393,5.99987832646695,15.8758939684473,27.1486143999338,-26.499552980408,3.48,1.61,NA,NA,NA,88,2218,6.7,716855,682626,624413,664901,660620,596019,641796,607043,643446,53.75,NA,NA,NA,NA,NA,NA,NA,57,2,"4-Seam Fastball",1,2,2,1,2,1,2,1,"Infield shade","Standard",84,0,0.031,NA,NA,NA,-0.031,NA,-1,1,0.247,0.753,34,28,34,29,1,3,3,2,1,1,2.32,1.21,1.21,-15.4
"17","FF",2023-08-25,87.1,3.86,3.37,"Kolarek, Adam",660271,592473,"","called_strike",NA,NA,NA,NA,4,"Shohei Ohtani grounds out sharply, first baseman Pete Alonso to pitcher Adam Kolarek.","R","L","L","NYM","LAA","S",NA,"",0,0,2023,1.06,0.63,-0.63,2.52,NA,NA,NA,0,8,"Top",NA,NA,NA,NA,NA,NA,-12.9819021362034,-126.09132385827,2.9327753869069,14.0029162262716,26.1372728151472,-26.3985373695567,3.48,1.52,NA,NA,NA,87.2,2094,6.7,716855,682626,624413,664901,660620,596019,641796,607043,643446,53.83,NA,NA,NA,NA,NA,NA,NA,57,1,"4-Seam Fastball",1,2,2,1,2,1,2,1,"Infield shade","Standard",89,0,-0.042,NA,NA,NA,0.042,NA,-1,1,0.247,0.753,34,28,34,29,1,3,3,2,1,1,2.41,1.06,1.06,-19.3
"18","SL",2023-08-25,79,3.54,3.55,"Kolarek, Adam",694384,592473,"strikeout","called_strike",NA,NA,NA,NA,7,"Nolan Schanuel called out on strikes.","R","L","L","NYM","LAA","S",2,"",1,2,2023,-0.91,0.41,-0.77,1.45,NA,NA,NA,2,7,"Top",NA,NA,NA,NA,NA,NA,-7.74120469395701,-114.783384662561,1.56603502883004,-6.51798866312223,22.665673783759,-29.1320791825023,3.15,1.45,NA,NA,NA,79.4,2035,6.8,716855,682626,624413,664901,660620,596019,641796,607043,643446,53.69,NA,0,0,1,0,0,NA,52,5,"Slider",1,2,2,1,2,1,2,1,"Standard","Standard",272,0.012,-0.191,NA,NA,NA,0.191,NA,-1,1,0.342,0.658,34,21,34,21,1,3,3,2,1,3,3.27,-0.91,-0.91,-10.9
"19","FF",2023-08-25,90.6,3.47,3.7,"Kolarek, Adam",694384,592473,"","foul",NA,NA,NA,NA,5,"Nolan Schanuel called out on strikes.","R","L","L","NYM","LAA","S",NA,"",1,2,2023,1.32,0.69,-0.07,2.37,NA,NA,NA,2,7,"Top",NA,NA,NA,NA,NA,NA,-11.7727623241602,-131.401098861664,1.22239718636643,17.8044075947178,28.2706533418831,-24.7421242855917,3.55,1.63,13,93.5,-9,91.4,2268,7,716855,682626,624413,664901,660620,596019,641796,607043,643446,53.53,NA,NA,NA,NA,NA,NA,NA,52,4,"4-Seam Fastball",1,2,2,1,2,1,2,1,"Standard","Standard",110,0,0,57,4.8,NA,0,93.5,-1,1,0.342,0.658,34,21,34,21,1,3,3,2,1,3,2.11,1.32,1.32,-8.1
"20","SI",2023-08-25,85.5,3.74,3.12,"Kolarek, Adam",694384,592473,"","called_strike",NA,NA,NA,NA,9,"Nolan Schanuel called out on strikes.","R","L","L","NYM","LAA","S",NA,"",1,1,2023,1.14,-0.38,0.5,1.63,NA,NA,NA,2,7,"Top",NA,NA,NA,NA,NA,NA,-9.98139382599029,-124.02605254675,3.58165805664512,13.689819195593,23.8195022558799,-37.1061664957003,3.41,1.57,NA,NA,NA,86,2139,6.7,716855,682626,624413,664901,660620,596019,641796,607043,643446,53.84,NA,NA,NA,NA,NA,NA,NA,52,3,"Sinker",1,2,2,1,2,1,2,1,"Standard","Standard",73,0,-0.069,NA,NA,NA,0.069,NA,-1,1,0.342,0.658,34,21,34,21,1,3,3,2,1,3,3.51,1.14,1.14,-22.9
"21","SI",2023-08-25,86.3,3.7,3.18,"Kolarek, Adam",694384,592473,"","called_strike",NA,NA,NA,NA,13,"Nolan Schanuel called out on strikes.","R","L","L","NYM","LAA","S",NA,"",1,0,2023,1.28,-0.44,-0.11,1.4,NA,NA,NA,2,7,"Top",NA,NA,NA,NA,NA,NA,-11.6992126742233,-125.155671614919,2.97205255608348,15.8383892731181,25.1629480363857,-37.741867996588,3.55,1.8,NA,NA,NA,86.4,2131,6.6,716855,682626,624413,664901,660620,596019,641796,607043,643446,53.94,NA,NA,NA,NA,NA,NA,NA,52,2,"Sinker",1,2,2,1,2,1,2,1,"Standard","Standard",82,0,-0.056,NA,NA,NA,0.056,NA,-1,1,0.342,0.658,34,21,34,21,1,3,3,2,1,3,3.52,1.28,1.28,-23
"22","SI",2023-08-25,87.5,3.66,3.24,"Kolarek, Adam",694384,592473,"","ball",NA,NA,NA,NA,13,"Nolan Schanuel called out on strikes.","R","L","L","NYM","LAA","B",NA,"",0,0,2023,1.23,-0.2,-1.05,1.62,NA,NA,NA,2,7,"Top",NA,NA,NA,NA,NA,NA,-13.9539570198444,-126.690967803841,2.70429034812293,16.0382457801088,24.3212901372764,-35.2079929946738,3.55,1.8,NA,NA,NA,88,2089,6.7,716855,682626,624413,664901,660620,596019,641796,607043,643446,53.79,NA,NA,NA,NA,NA,NA,NA,52,1,"Sinker",1,2,2,1,2,1,2,1,"Standard","Standard",81,0,0.043,NA,NA,NA,-0.043,NA,-1,1,0.342,0.658,34,21,34,21,1,3,3,2,1,3,3.2,1.23,1.23,-19.2
"23","SI",2023-08-22,89.4,3.64,3.44,"Kolarek, Adam",592696,592473,"sac_bunt","hit_into_play",NA,NA,NA,NA,12,"Eddie Rosario out on a sacrifice bunt, pitcher Adam Kolarek to first baseman Pete Alonso.   Marcell Ozuna to 2nd.","R","L","L","ATL","NYM","X",1,"ground_ball",0,0,2023,1.03,-0.25,1.43,3.27,NA,NA,542303,1,7,"Bot",118.97,188.26,NA,NA,NA,NA,-7.61331204611044,-129.775900784181,6.12892514445666,13.2327832083004,26.2489628859512,-36.5661061221305,3.32,1.61,2,42.5,-51,89.4,2304,6.4,716891,682626,624413,643446,660620,596019,542364,607043,621466,54.15,0.32,NA,0.2,0,0,0,1,60,1,"Sinker",3,2,3,2,2,3,3,2,"Standard","Standard",94,-0.012,0.016,NA,NA,0.363,-0.016,88,1,1,0.796,0.796,34,31,34,32,1,3,2,2,3,3,3.11,1.03,1.03,-16.3
"24","SL",2023-08-22,77.9,3.4,3.59,"Kolarek, Adam",542303,592473,"walk","ball",NA,NA,NA,NA,14,"Marcell Ozuna walks.","R","R","L","ATL","NYM","B",NA,"",3,2,2023,-1.23,0.58,1.02,1.72,NA,NA,NA,1,7,"Bot",NA,NA,NA,NA,NA,NA,-2.87194076449457,-113.471360200166,1.85235169190362,-10.0050664887337,21.7718641166051,-27.7312116775143,3.64,1.72,NA,NA,NA,78.2,2530,6.6,716891,682626,624413,643446,660620,596019,542364,607043,621466,53.93,NA,0.695903,0.7,1,0,0,NA,59,6,"Slider",3,2,3,2,2,3,3,2,"Standard","Standard",271,0.02,0.36,NA,NA,NA,-0.36,NA,1,1,0.776,0.776,34,32,34,33,1,3,2,1,3,1,3.18,-1.23,1.23,-13.1
"25","SL",2023-08-22,77.7,3.34,3.68,"Kolarek, Adam",542303,592473,"","ball",NA,NA,NA,NA,13,"Marcell Ozuna walks.","R","R","L","ATL","NYM","B",NA,"",2,2,2023,-1.25,0.46,-0.26,1.17,NA,NA,NA,1,7,"Bot",NA,NA,NA,NA,NA,NA,-5.47722619724694,-112.953511768066,0.787453135708825,-9.55427659424719,22.1413759070738,-28.623821331878,3.55,1.74,NA,NA,NA,78.1,2453,6.8,716891,682626,624413,643446,660620,596019,542364,607043,621466,53.67,NA,NA,NA,NA,NA,NA,NA,59,5,"Slider",3,2,3,2,2,3,3,2,"Standard","Standard",272,0,0.094,NA,NA,NA,-0.094,NA,1,1,0.776,0.776,34,32,34,33,1,3,2,1,3,1,3.34,-1.25,1.25,-11.5
"26","FF",2023-08-22,90.4,3.5,3.65,"Kolarek, Adam",542303,592473,"","ball",NA,NA,NA,NA,11,"Marcell Ozuna walks.","R","R","L","ATL","NYM","B",NA,"",1,2,2023,1.07,0.79,-1.48,3.25,NA,NA,NA,1,7,"Bot",NA,NA,NA,NA,NA,NA,-14.7922241325756,-130.759832113012,3.37316179336552,15.3207119086051,26.5734463164341,-24.0682702921365,3.73,1.74,NA,NA,NA,91.1,2487,7,716891,682626,624413,643446,660620,596019,542364,607043,621466,53.52,NA,NA,NA,NA,NA,NA,NA,59,4,"4-Seam Fastball",3,2,3,2,2,3,3,2,"Standard","Standard",101,0,0.045,NA,NA,NA,-0.045,NA,1,1,0.776,0.776,34,32,34,33,1,3,2,1,3,1,2.02,1.07,-1.07,-12.8
"27","FF",2023-08-22,91.6,3.47,3.68,"Kolarek, Adam",542303,592473,"","ball",NA,NA,NA,NA,12,"Marcell Ozuna walks.","R","R","L","ATL","NYM","B",NA,"",0,2,2023,1.09,0.6,2,4.57,NA,NA,NA,1,7,"Bot",NA,NA,NA,NA,NA,NA,-6.11035226255898,-133.149788278322,6.9029572088698,14.2562562180643,28.5757308771903,-26.7572703328922,3.66,1.74,NA,NA,NA,92.4,2248,6.8,716891,682626,624413,643446,660620,596019,542364,607043,621466,53.69,NA,NA,NA,NA,NA,NA,NA,59,3,"4-Seam Fastball",3,2,3,2,2,3,3,2,"Standard","Standard",104,0,0.019,NA,NA,NA,-0.019,NA,1,1,0.776,0.776,34,32,34,33,1,3,2,1,3,1,2.12,1.09,-1.09,-10.2
"28","FF",2023-08-22,90.4,3.61,3.55,"Kolarek, Adam",542303,592473,"","swinging_strike",NA,NA,NA,NA,2,"Marcell Ozuna walks.","R","R","L","ATL","NYM","S",NA,"",0,1,2023,0.68,0.46,-0.02,3.51,NA,NA,NA,1,7,"Bot",NA,NA,NA,NA,NA,NA,-10.4571801937979,-131.137462568523,4.86491840292494,10.0003271191655,26.8002646975257,-28.1147327917312,3.45,1.74,NA,NA,NA,90.3,2453,6.4,716891,682626,624413,643446,660620,596019,542364,607043,621466,54.15,NA,NA,NA,NA,NA,NA,NA,59,2,"4-Seam Fastball",3,2,3,2,2,3,3,2,"Standard","Standard",99,0,-0.057,39.3,4.8,NA,0.057,NA,1,1,0.776,0.776,34,32,34,33,1,3,2,1,3,1,2.34,0.68,-0.68,-15.4
"29","SL",2023-08-22,77.9,3.4,3.53,"Kolarek, Adam",542303,592473,"","foul_tip",NA,NA,NA,NA,13,"Marcell Ozuna walks.","R","R","L","ATL","NYM","S",NA,"",0,0,2023,-1.3,0.7,-0.87,1.47,NA,NA,NA,1,7,"Bot",NA,NA,NA,NA,NA,NA,-6.79002436219201,-113.201852166942,1.29180046600729,-9.70694935342974,22.7396401276687,-26.7135893240629,3.45,1.74,NA,NA,NA,77.8,2207,6.5,716891,682626,624413,643446,660620,596019,542364,607043,621466,53.99,NA,NA,NA,NA,NA,NA,NA,59,1,"Slider",3,2,3,2,2,3,3,2,"Standard","Standard",269,0,-0.041,78.2,9,NA,0.041,NA,1,1,0.776,0.776,34,32,34,33,1,3,2,1,3,1,3.1,-1.3,1.3,-13.1
"30","FF",2023-08-22,89.7,3.58,3.75,"Kolarek, Adam",621566,592473,"strikeout","called_strike",NA,NA,NA,NA,1,"Matt Olson called out on strikes.","R","L","L","ATL","NYM","S",2,"",1,2,2023,0.93,0.73,-0.6,3.28,NA,NA,NA,0,7,"Bot",NA,NA,NA,NA,NA,NA,-12.393018222843,-130.07814666209,3.351967620801,13.088962703723,26.4066356691449,-24.7944452612755,3.44,1.68,NA,NA,NA,90.4,2427,6.8,716891,682626,624413,643446,660620,596019,542364,607043,621466,53.67,NA,0,0,1,0,0,NA,58,4,"4-Seam Fastball",3,2,3,2,2,3,3,2,"Infield shade","Standard",102,-0.018,-0.193,NA,NA,NA,0.193,NA,1,1,0.794,0.794,34,29,34,29,1,3,2,1,3,1,2.11,0.93,0.93,-11.1
"31","SI",2023-08-22,88.6,3.57,3.28,"Kolarek, Adam",621566,592473,"","foul",NA,NA,NA,NA,8,"Matt Olson called out on strikes.","R","L","L","ATL","NYM","S",NA,"",1,1,2023,1.02,-0.13,0.06,2.05,NA,NA,NA,0,7,"Bot",NA,NA,NA,NA,NA,NA,-10.7700262640014,-128.580559835156,3.37216968555575,13.4245848741711,24.5277018077755,-34.5566826070819,3.44,1.68,235,79.3,47,89.4,2116,6.8,716891,682626,624413,643446,660620,596019,542364,607043,621466,53.74,NA,NA,NA,NA,NA,NA,NA,58,3,"Sinker",3,2,3,2,2,3,3,2,"Strategic","Standard",82,0,-0.061,75.7,7.3,NA,0.061,88,1,1,0.794,0.794,34,29,34,29,1,3,2,1,3,1,3.03,1.02,1.02,-19.5
"32","SI",2023-08-22,88.8,3.41,3.45,"Kolarek, Adam",621566,592473,"","ball",NA,NA,NA,NA,14,"Matt Olson called out on strikes.","R","L","L","ATL","NYM","B",NA,"",0,1,2023,1.11,-0.29,0.02,0.68,NA,NA,NA,0,7,"Bot",NA,NA,NA,NA,NA,NA,-10.6649954550063,-128.796248373302,-0.0298642424831652,14.6183184368559,28.4195455224878,-35.6550116442816,3.48,1.68,NA,NA,NA,89.1,2232,6.8,716891,682626,624413,643446,660620,596019,542364,607043,621466,53.73,NA,NA,NA,NA,NA,NA,NA,58,2,"Sinker",3,2,3,2,2,3,3,2,"Strategic","Standard",86,0,0.031,NA,NA,NA,-0.031,NA,1,1,0.794,0.794,34,29,34,29,1,3,2,1,3,1,3.22,1.11,1.11,-17.6
"33","SI",2023-08-22,88.2,3.44,3.42,"Kolarek, Adam",621566,592473,"","called_strike",NA,NA,NA,NA,14,"Matt Olson called out on strikes.","R","L","L","ATL","NYM","S",NA,"",0,0,2023,1.02,-0.24,0.24,1.48,NA,NA,NA,0,7,"Bot",NA,NA,NA,NA,NA,NA,-9.92930846040239,-127.991639464119,1.95171174088421,13.3112918672412,27.6135388962338,-35.4672715993644,3.48,1.72,NA,NA,NA,88.2,2172,6.5,716891,682626,624413,643446,660620,596019,542364,607043,621466,53.97,NA,NA,NA,NA,NA,NA,NA,58,1,"Sinker",3,2,3,2,2,3,3,2,"Strategic","Standard",86,0,-0.042,NA,NA,NA,0.042,NA,1,1,0.794,0.794,34,29,34,29,1,3,2,1,3,1,3.19,1.02,1.02,-18.5
"34","FF",2023-08-22,89.1,3.41,3.46,"Kolarek, Adam",663586,592473,"field_out","hit_into_play",NA,NA,NA,NA,5,"Austin Riley lines out sharply to right fielder DJ Stewart.","R","R","L","ATL","NYM","X",9,"line_drive",1,0,2023,1.13,0.14,0.16,2.46,NA,NA,NA,2,6,"Bot",176.4,83.52,NA,NA,NA,NA,-10.3683808515587,-129.259548382577,3.31557439005416,14.7886775190215,26.0189176133323,-31.5183374429637,3.47,1.62,313,108.3,15,89.3,2221,6.5,716891,682626,624413,643446,660620,596019,542364,607043,621466,53.98,0.663,0.739,0,1,0,0,5,54,2,"4-Seam Fastball",3,2,3,2,2,3,3,2,"Standard","Standard",97,-0.01,-0.317,78.3,7.1,1.112,0.317,108.3,1,1,0.71,0.71,34,26,34,26,1,3,2,1,3,1,2.74,1.13,-1.13,-17.8
"35","SI",2023-08-22,88.1,3.44,3.45,"Kolarek, Adam",663586,592473,"","ball",NA,NA,NA,NA,11,"Austin Riley lines out sharply to right fielder DJ Stewart.","R","R","L","ATL","NYM","B",NA,"",0,0,2023,0.55,0.63,-1.41,2.81,NA,NA,NA,2,6,"Bot",NA,NA,NA,NA,NA,NA,-12.9682440262417,-127.70415657842,3.31085893678819,8.59543816611225,24.8138477048602,-26.2365394675378,3.44,1.62,NA,NA,NA,88.6,2340,6.7,716891,682626,624413,643446,660620,596019,542364,607043,621466,53.84,NA,NA,NA,NA,NA,NA,NA,54,1,"Sinker",3,2,3,2,2,3,3,2,"Standard","Standard",97,0,0.043,NA,NA,NA,-0.043,NA,1,1,0.71,0.71,34,26,34,26,1,3,2,1,3,1,2.32,0.55,-0.55,-16.9
"36","SL",2023-08-22,77.3,3.26,3.77,"Kolarek, Adam",671739,592473,"field_out","hit_into_play",NA,NA,NA,NA,5,"Michael Harris II flies out to center fielder Brandon Nimmo.","R","L","L","ATL","NYM","X",8,"fly_ball",1,2,2023,-1.28,0.72,0.28,2.64,NA,NA,NA,1,6,"Bot",109.6,86.13,NA,NA,NA,NA,-4.06462043171432,-112.491109176568,3.31173127873293,-10.0351521867515,21.4218127389642,-26.9511245147045,3.39,1.52,284,90,48,78,2351,6.9,716891,682626,624413,643446,660620,596019,542364,607043,621466,53.62,0.006,0.007,0,1,0,0,3,53,5,"Slider",3,2,3,2,2,3,3,2,"Infield shade","Standard",274,-0.015,-0.189,72.9,7.5,0.012,0.189,90,1,1,0.725,0.725,34,22,34,22,1,3,2,1,3,1,3.11,-1.28,-1.28,-9.9
"37","SL",2023-08-22,76.7,3.43,3.67,"Kolarek, Adam",671739,592473,"","foul",NA,NA,NA,NA,14,"Michael Harris II flies out to center fielder Brandon Nimmo.","R","L","L","ATL","NYM","S",NA,"",1,2,2023,-1.3,0.87,0.96,1.72,NA,NA,NA,1,6,"Bot",NA,NA,NA,NA,NA,NA,-2.88178103072226,-111.591421525488,1.41454926753285,-10.2017992302867,22.4335770872918,-25.5328014986946,3.39,1.52,378,103.1,28,76.8,2380,6.6,716891,682626,624413,643446,660620,596019,542364,607043,621466,53.86,NA,NA,NA,NA,NA,NA,NA,53,4,"Slider",3,2,3,2,2,3,3,2,"Standard","Standard",275,0,0,69.7,9,NA,0,103.1,1,1,0.725,0.725,34,22,34,22,1,3,2,1,3,1,3.05,-1.3,-1.3,-12.1
"38","SI",2023-08-22,88.6,3.53,3.42,"Kolarek, Adam",671739,592473,"","called_strike",NA,NA,NA,NA,4,"Michael Harris II flies out to center fielder Brandon Nimmo.","R","L","L","ATL","NYM","S",NA,"",1,1,2023,1.03,0.01,-0.47,2.43,NA,NA,NA,1,6,"Bot",NA,NA,NA,NA,NA,NA,-11.9819682604814,-128.419916954508,3.71599810710034,13.8914409812655,26.4087214064774,-33.0864327729222,3.39,1.52,NA,NA,NA,89.1,2240,6.8,716891,682626,624413,643446,660620,596019,542364,607043,621466,53.68,NA,NA,NA,NA,NA,NA,NA,53,3,"Sinker",3,2,3,2,2,3,3,2,"Standard","Standard",92,0,-0.068,NA,NA,NA,0.068,NA,1,1,0.725,0.725,34,22,34,22,1,3,2,1,3,1,2.91,1.03,1.03,-16.9
"39","SL",2023-08-22,76.6,3.36,3.63,"Kolarek, Adam",671739,592473,"","called_strike",NA,NA,NA,NA,3,"Michael Harris II flies out to center fielder Brandon Nimmo.","R","L","L","ATL","NYM","S",NA,"",1,0,2023,-1.13,0.9,0.65,2.92,NA,NA,NA,1,6,"Bot",NA,NA,NA,NA,NA,NA,-3.69095782282977,-111.385499287221,3.93699734879251,-8.6586296313484,21.1610941496456,-25.6691389960384,3.28,1.52,NA,NA,NA,76.6,2419,6.5,716891,682626,624413,643446,660620,596019,542364,607043,621466,54.01,NA,NA,NA,NA,NA,NA,NA,53,2,"Slider",3,2,3,2,2,3,3,2,"Standard","Standard",267,0,-0.05,NA,NA,NA,0.05,NA,1,1,0.725,0.725,34,22,34,22,1,3,2,1,3,1,3.01,-1.13,-1.13,-12.8
"40","FF",2023-08-22,90.3,3.41,3.67,"Kolarek, Adam",671739,592473,"","ball",NA,NA,NA,NA,12,"Michael Harris II flies out to center fielder Brandon Nimmo.","R","L","L","ATL","NYM","B",NA,"",0,0,2023,1.19,0.53,0.91,3.13,NA,NA,NA,1,6,"Bot",NA,NA,NA,NA,NA,NA,-8.8260242764521,-131.22260819912,3.54407727497184,15.5940148851416,27.9404728609185,-27.1140179627072,3.39,1.52,NA,NA,NA,91,2108,6.8,716891,682626,624413,643446,660620,596019,542364,607043,621466,53.72,NA,NA,NA,NA,NA,NA,NA,53,1,"4-Seam Fastball",3,2,3,2,2,3,3,2,"Standard","Standard",93,0,0.039,NA,NA,NA,-0.039,NA,1,1,0.725,0.725,34,22,34,22,1,3,2,1,3,1,2.28,1.19,1.19,-14
"41","FF",2023-08-22,89.9,3.3,3.3,"Kolarek, Adam",660670,592473,"strikeout","called_strike",NA,NA,NA,NA,14,"Ronald Acuna Jr.  called out on strikes.","R","R","L","ATL","NYM","S",2,"",2,2,2023,1.34,0.32,0.88,2.03,NA,NA,NA,0,6,"Bot",NA,NA,NA,NA,NA,NA,-8.90089909039366,-130.54363289867,2.20245078694686,17.170557909865,27.979540181893,-29.2830057380273,3.57,1.66,NA,NA,NA,90.4,2301,6.7,716891,682626,624413,643446,660620,596019,542364,607043,621466,53.77,NA,0,0,1,0,0,NA,52,5,"4-Seam Fastball",3,2,3,2,2,3,3,2,"Standard","Standard",96,-0.021,-0.239,NA,NA,NA,0.239,NA,1,1,0.746,0.746,34,25,34,26,1,3,2,1,3,1,2.52,1.34,-1.34,-19
"42","FF",2023-08-22,89.7,3.47,3.36,"Kolarek, Adam",660670,592473,"","ball",NA,NA,NA,NA,12,"Ronald Acuna Jr.  called out on strikes.","R","R","L","ATL","NYM","B",NA,"",1,2,2023,1.03,0.33,1.54,3.84,NA,NA,NA,0,6,"Bot",NA,NA,NA,NA,NA,NA,-6.96938712235986,-130.204093296964,6.52831294288747,13.1389592993189,27.519937095297,-30.0814567245956,3.57,1.63,NA,NA,NA,89.8,2054,6.5,716891,682626,624413,643446,660620,596019,542364,607043,621466,54.01,NA,NA,NA,NA,NA,NA,NA,52,4,"4-Seam Fastball",3,2,3,2,2,3,3,2,"Standard","Standard",96,0,0.046,NA,NA,NA,-0.046,NA,1,1,0.746,0.746,34,25,34,26,1,3,2,1,3,1,2.52,1.03,-1.03,-16.7
"43","FF",2023-08-22,89.9,3.47,3.42,"Kolarek, Adam",660670,592473,"","foul",NA,NA,NA,NA,5,"Ronald Acuna Jr.  called out on strikes.","R","R","L","ATL","NYM","S",NA,"",1,1,2023,1.36,0.39,0.05,2.2,NA,NA,NA,0,6,"Bot",NA,NA,NA,NA,NA,NA,-11.2632965342665,-130.47749826368,2.14281397423219,17.924199988412,27.2544389303883,-28.4061810265085,3.49,1.59,246,101.1,11,89.3,2156,6,716891,682626,624413,643446,660620,596019,542364,607043,621466,54.48,NA,NA,NA,NA,NA,NA,NA,52,3,"4-Seam Fastball",3,2,3,2,2,3,3,2,"Standard","Standard",90,0,-0.061,77.5,6.1,NA,0.061,101.1,1,1,0.746,0.746,34,25,34,26,1,3,2,1,3,1,2.44,1.36,-1.36,-18.3
"44","FF",2023-08-22,89.6,3.54,3.57,"Kolarek, Adam",660670,592473,"","called_strike",NA,NA,NA,NA,14,"Ronald Acuna Jr.  called out on strikes.","R","R","L","ATL","NYM","S",NA,"",1,0,2023,1.27,0.47,0.64,1.46,NA,NA,NA,0,6,"Bot",NA,NA,NA,NA,NA,NA,-9.89684773047746,-130.115873350678,-0.203634522661225,16.4641501922837,26.3200381369771,-27.0496535819829,3.57,1.68,NA,NA,NA,90.4,2226,6.8,716891,682626,624413,643446,660620,596019,542364,607043,621466,53.71,NA,NA,NA,NA,NA,NA,NA,52,2,"4-Seam Fastball",3,2,3,2,2,3,3,2,"Standard","Standard",90,0,-0.052,NA,NA,NA,0.052,NA,1,1,0.746,0.746,34,25,34,26,1,3,2,1,3,1,2.38,1.27,-1.27,-19.2
"45","FF",2023-08-22,88.5,3.26,3.57,"Kolarek, Adam",660670,592473,"","ball",NA,NA,NA,NA,12,"Ronald Acuna Jr.  called out on strikes.","R","R","L","ATL","NYM","B",NA,"",0,0,2023,1.24,0.47,1.39,2.58,NA,NA,NA,0,6,"Bot",NA,NA,NA,NA,NA,NA,-7.203663519385,-128.676830220586,2.66794250494731,15.2057171166146,24.8041691324828,-27.6973955262304,3.55,1.59,NA,NA,NA,89.4,2340,6.7,716891,682626,624413,643446,660620,596019,542364,607043,621466,53.75,NA,NA,NA,NA,NA,NA,NA,52,1,"4-Seam Fastball",3,2,3,2,2,3,3,2,"Standard","Standard",94,0,0.04,NA,NA,NA,-0.04,NA,1,1,0.746,0.746,34,25,34,26,1,3,2,1,3,1,2.43,1.24,-1.24,-15
"46","SI",2023-08-22,89,3.68,3.33,"Kolarek, Adam",670032,592473,"field_out","hit_into_play",NA,NA,NA,NA,14,"Nicky Lopez grounds out, pitcher Adam Kolarek to first baseman Pete Alonso.","R","L","L","ATL","NYM","X",1,"ground_ball",2,2,2023,0.96,-0.54,1.08,1.74,NA,592696,606115,2,5,"Bot",124.1,184.46,NA,NA,NA,NA,-8.4362536434256,-129.442698300699,3.23525063067593,12.4891364534446,24.3620698798539,-39.1101421901314,3.07,1.41,1,64.1,-74,89.8,2258,6.6,716891,682626,624413,643446,660620,596019,542364,607043,621466,53.94,0.18,0.174,0,1,0,0,2,46,5,"Sinker",3,0,3,0,0,3,3,0,"Standard","Standard",86,-0.017,-0.246,56.3,5,0.18,0.246,88,3,3,0.889,0.889,34,28,34,28,1,2,2,2,3,3,3.39,0.96,0.96,-21.2
"47","FF",2023-08-22,89.9,3.39,3.6,"Kolarek, Adam",670032,592473,"","ball",NA,NA,NA,NA,13,"Nicky Lopez grounds out, pitcher Adam Kolarek to first baseman Pete Alonso.","R","L","L","ATL","NYM","B",NA,"",1,2,2023,1.04,0.48,-1.48,1.52,NA,592696,606115,2,5,"Bot",NA,NA,NA,NA,NA,NA,-14.3503800420171,-130.199734897405,-0.190492250144522,14.5796680541699,24.279281451353,-26.8941818522688,2.91,1.31,NA,NA,NA,90.8,2103,6.9,716891,682626,624413,643446,660620,596019,542364,607043,621466,53.63,NA,NA,NA,NA,NA,NA,NA,46,4,"4-Seam Fastball",3,0,3,0,0,3,3,0,"Standard","Standard",93,0,0.033,NA,NA,NA,-0.033,NA,3,3,0.889,0.889,34,28,34,28,1,2,2,2,3,3,2.35,1.04,1.04,-16.1
"48","SI",2023-08-22,86.6,3.61,3.25,"Kolarek, Adam",670032,592473,"","foul",NA,NA,NA,NA,9,"Nicky Lopez grounds out, pitcher Adam Kolarek to first baseman Pete Alonso.","R","L","L","ATL","NYM","S",NA,"",1,1,2023,1.51,-0.06,0.39,1.48,NA,592696,606115,2,5,"Bot",NA,NA,NA,NA,NA,NA,-10.8041853272111,-125.637813656972,2.15896691709108,18.2135801828067,25.3547169601814,-33.5420862324624,3.07,1.41,1,61.1,-63,86.8,2138,6.6,716891,682626,624413,643446,660620,596019,542364,607043,621466,53.94,NA,NA,NA,NA,NA,NA,NA,46,3,"Sinker",3,0,3,0,0,3,3,0,"Standard","Standard",80,0,-0.069,64,6.7,NA,0.069,88,3,3,0.889,0.889,34,28,34,28,1,2,2,2,3,3,3.12,1.51,1.51,-25.3
"49","SI",2023-08-22,87.5,3.49,3.3,"Kolarek, Adam",670032,592473,"","called_strike",NA,NA,NA,NA,8,"Nicky Lopez grounds out, pitcher Adam Kolarek to first baseman Pete Alonso.","R","L","L","ATL","NYM","S",NA,"",1,0,2023,1.52,-0.01,0.02,1.72,NA,592696,606115,2,5,"Bot",NA,NA,NA,NA,NA,NA,-11.4727044756172,-126.900710293307,2.4161656036876,18.7426458259211,26.3628470410764,-33.0740046316922,3.03,1.41,NA,NA,NA,87.2,2307,6.3,716891,682626,624413,643446,660620,596019,542364,607043,621466,54.15,NA,NA,NA,NA,NA,NA,NA,46,2,"Sinker",3,0,3,0,0,3,3,0,"Standard","Standard",86,0,-0.045,NA,NA,NA,0.045,NA,3,3,0.889,0.889,34,28,34,28,1,2,2,2,3,3,3.01,1.52,1.52,-21
"50","SI",2023-08-22,87.2,3.4,3.32,"Kolarek, Adam",670032,592473,"","ball",NA,NA,NA,NA,13,"Nicky Lopez grounds out, pitcher Adam Kolarek to first baseman Pete Alonso.","R","L","L","ATL","NYM","B",NA,"",0,0,2023,1.38,-0.54,-0.22,1.02,NA,592696,606115,2,5,"Bot",NA,NA,NA,NA,NA,NA,-11.5743728201684,-126.462857635308,1.81267779245821,17.1661293334798,25.7351603621778,-38.6627427188738,3,1.41,NA,NA,NA,87.4,2291,6.6,716891,682626,624413,643446,660620,596019,542364,607043,621466,53.92,NA,NA,NA,NA,NA,NA,NA,46,1,"Sinker",3,0,3,0,0,3,3,0,"Standard","Standard",84,0,0.03,NA,NA,NA,-0.03,NA,3,3,0.889,0.889,34,28,34,28,1,2,2,2,3,3,3.56,1.38,1.38,-23.5
"51","FF",2023-08-20,86.8,3.54,3.25,"Kolarek, Adam",669242,592473,"hit_by_pitch","hit_by_pitch",NA,NA,NA,NA,11,"Tommy Edman hit by pitch.","R","R","L","STL","NYM","B",NA,"",2,2,2023,0.29,0.61,-1.47,3.42,NA,NA,NA,2,6,"Bot",NA,NA,NA,NA,NA,NA,-12.6450946945195,-125.820940643515,5.40166346181312,5.39605477643529,22.5873681336904,-26.9261519160112,3.21,1.47,NA,NA,NA,87.6,2208,6.7,716921,553882,624413,643446,660620,596019,607043,542364,621466,53.77,NA,0.726005,0.7,1,0,0,NA,52,5,"4-Seam Fastball",3,2,3,2,2,3,3,2,"Standard","Standard",105,0.012,0.39,NA,NA,NA,-0.39,NA,1,1,0.71,0.71,34,28,34,28,1,3,70,1,2,1,2.41,0.29,-0.29,-20.9
"52","SL",2023-08-20,76.3,3.35,3.32,"Kolarek, Adam",669242,592473,"","ball",NA,NA,NA,NA,13,"Tommy Edman hit by pitch.","R","R","L","STL","NYM","B",NA,"",1,2,2023,-1,0.38,-0.24,0.18,NA,NA,NA,2,6,"Bot",NA,NA,NA,NA,NA,NA,-5.78224629980699,-111.030752305038,-0.223812219350459,-7.20533032190306,20.3975656399381,-29.2173805532275,3.19,1.5,NA,NA,NA,76.6,2301,6.6,716921,553882,624413,643446,660620,596019,607043,542364,621466,53.92,NA,NA,NA,NA,NA,NA,NA,52,4,"Slider",3,2,3,2,2,3,3,2,"Standard","Standard",272,0,0.041,NA,NA,NA,-0.041,NA,1,1,0.71,0.71,34,28,34,28,1,3,70,1,2,1,3.54,-1,1,-17
"53","SL",2023-08-20,76.5,3.05,3.4,"Kolarek, Adam",669242,592473,"","ball",NA,NA,NA,NA,14,"Tommy Edman hit by pitch.","R","R","L","STL","NYM","B",NA,"",0,2,2023,-1.13,0.46,1.24,-0.44,NA,NA,NA,2,6,"Bot",NA,NA,NA,NA,NA,NA,-1.80803240599511,-111.454896524258,-1.98607625687676,-9.16518901726689,18.5180384293319,-28.161779309865,3.22,1.48,NA,NA,NA,77.1,2332,6.5,716921,553882,624413,643446,660620,596019,607043,542364,621466,54.04,NA,NA,NA,NA,NA,NA,NA,52,3,"Slider",3,2,3,2,2,3,3,2,"Standard","Standard",271,0,0.022,NA,NA,NA,-0.022,NA,1,1,0.71,0.71,34,28,34,28,1,3,70,1,2,1,3.4,-1.13,1.13,-15.6
"54","FF",2023-08-20,89.8,3.29,3.37,"Kolarek, Adam",669242,592473,"","foul",NA,NA,NA,NA,4,"Tommy Edman hit by pitch.","R","R","L","STL","NYM","S",NA,"",0,1,2023,0.67,0.74,-0.59,2.53,NA,NA,NA,2,6,"Bot",NA,NA,NA,NA,NA,NA,-11.0782548793969,-130.367182943744,2.3222857453886,9.75245164473912,23.5047340516314,-24.3125195359573,3.21,1.47,150,67.7,20,90.6,2336,6.6,716921,553882,624413,643446,660620,596019,607043,542364,621466,53.9,NA,NA,NA,NA,NA,NA,NA,52,2,"4-Seam Fastball",3,2,3,2,2,3,3,2,"Standard","Standard",109,0,-0.061,53.3,5.1,NA,0.061,88,1,1,0.71,0.71,34,28,34,28,1,3,70,1,2,1,2.07,0.67,-0.67,-14.9
"55","FF",2023-08-20,89.1,3.5,3.31,"Kolarek, Adam",669242,592473,"","foul",NA,NA,NA,NA,2,"Tommy Edman hit by pitch.","R","R","L","STL","NYM","S",NA,"",0,0,2023,0.64,0.5,-0.08,2.76,NA,NA,NA,2,6,"Bot",NA,NA,NA,NA,NA,NA,-10.1818351692649,-129.539623891404,3.55285748498089,9.08504141711136,22.2812624935646,-27.3245028623747,3.21,1.47,180,68.3,42,90.1,2310,6.6,716921,553882,624413,643446,660620,596019,607043,542364,621466,53.92,NA,NA,NA,NA,NA,NA,NA,52,1,"4-Seam Fastball",3,2,3,2,2,3,3,2,"Standard","Standard",99,0,-0.045,74.6,7.7,NA,0.045,88,1,1,0.71,0.71,34,28,34,28,1,3,70,1,2,1,2.34,0.64,-0.64,-16.6
"56","FF",2023-08-20,89.6,3.39,3.32,"Kolarek, Adam",691026,592473,"field_out","hit_into_play",NA,NA,NA,NA,11,"Masyn Winn grounds out, third baseman Jonathan Arauz to first baseman Pete Alonso.","R","R","L","STL","NYM","X",5,"ground_ball",2,2,2023,0.63,0.74,-0.94,2.85,NA,NA,NA,1,6,"Bot",99.87,174.01,NA,NA,NA,NA,-12.062174868922,-129.99955009567,3.28754460199981,9.46883738150965,24.496488018764,-24.6265791934415,3.32,1.51,34,55.2,2,90.3,2397,6.6,716921,553882,624413,643446,660620,596019,607043,542364,621466,53.86,0.12,0.123,0,1,0,0,1,51,5,"4-Seam Fastball",3,2,3,2,2,3,3,2,"Standard","Standard",96,-0.015,-0.234,66.9,6.4,0.155,0.234,88,1,1,0.725,0.725,34,21,34,21,1,2,70,1,2,1,2.09,0.63,-0.63,-17.4
"57","FF",2023-08-20,88.9,3.27,3.45,"Kolarek, Adam",691026,592473,"","foul",NA,NA,NA,NA,5,"Masyn Winn grounds out, third baseman Jonathan Arauz to first baseman Pete Alonso.","R","R","L","STL","NYM","S",NA,"",2,1,2023,0.39,0.48,0.13,2.46,NA,NA,NA,1,6,"Bot",NA,NA,NA,NA,NA,NA,-8.57307873617361,-129.245127484671,2.56689252070102,5.98036359256306,23.2937202869995,-27.3965267314931,3.32,1.51,6,96,-20,89.9,1990,6.6,716921,553882,624413,643446,660620,596019,607043,542364,621466,53.86,NA,NA,NA,NA,NA,NA,NA,51,4,"4-Seam Fastball",3,2,3,2,2,3,3,2,"Standard","Standard",114,0,-0.076,65.3,5.7,NA,0.076,96,1,1,0.725,0.725,34,21,34,21,1,2,70,1,2,1,2.38,0.39,-0.39,-14
"58","SL",2023-08-20,76.2,3.39,3.32,"Kolarek, Adam",691026,592473,"","ball",NA,NA,NA,NA,14,"Masyn Winn grounds out, third baseman Jonathan Arauz to first baseman Pete Alonso.","R","R","L","STL","NYM","B",NA,"",1,1,2023,-0.92,0.37,0.74,0.6,NA,NA,NA,1,6,"Bot",NA,NA,NA,NA,NA,NA,-3.92779872148958,-111.001616629769,0.611443729001045,-7.01713662932214,18.4458979750852,-29.3720167700601,3.46,1.6,NA,NA,NA,76.6,2335,6.4,716921,553882,624413,643446,660620,596019,607043,542364,621466,54.11,NA,NA,NA,NA,NA,NA,NA,51,3,"Slider",3,2,3,2,2,3,3,2,"Standard","Standard",269,0,0.054,NA,NA,NA,-0.054,NA,1,1,0.725,0.725,34,21,34,21,1,2,70,1,2,1,3.52,-0.92,0.92,-16.9
"59","FF",2023-08-20,88.9,3.26,3.41,"Kolarek, Adam",691026,592473,"","ball",NA,NA,NA,NA,11,"Masyn Winn grounds out, third baseman Jonathan Arauz to first baseman Pete Alonso.","R","R","L","STL","NYM","B",NA,"",0,1,2023,0.58,0.52,-1.08,3.31,NA,NA,NA,1,6,"Bot",NA,NA,NA,NA,NA,NA,-11.9059764339509,-128.975006982013,4.69491564578606,8.59420266889772,22.3582265265156,-27.3782054336876,3.49,1.7,NA,NA,NA,89.9,2339,6.7,716921,553882,624413,643446,660620,596019,607043,542364,621466,53.83,NA,NA,NA,NA,NA,NA,NA,51,2,"4-Seam Fastball",3,2,3,2,2,3,3,2,"Standard","Standard",108,0,0.03,NA,NA,NA,-0.03,NA,1,1,0.725,0.725,34,21,34,21,1,2,70,1,2,1,2.34,0.58,-0.58,-17.7
"60","FF",2023-08-20,89.2,3.57,3.41,"Kolarek, Adam",691026,592473,"","called_strike",NA,NA,NA,NA,2,"Masyn Winn grounds out, third baseman Jonathan Arauz to first baseman Pete Alonso.","R","R","L","STL","NYM","S",NA,"",0,0,2023,0.81,0.48,0.27,3.33,NA,NA,NA,1,6,"Bot",NA,NA,NA,NA,NA,NA,-9.87560445978855,-129.51491454932,4.79376843375065,10.9659716075039,22.8368732944588,-27.8435365824226,3.54,1.7,NA,NA,NA,90.1,2212,6.6,716921,553882,624413,643446,660620,596019,607043,542364,621466,53.88,NA,NA,NA,NA,NA,NA,NA,51,1,"4-Seam Fastball",3,2,3,2,2,3,3,2,"Standard","Standard",101,0,-0.041,NA,NA,NA,0.041,NA,1,1,0.725,0.725,34,21,34,21,1,2,70,1,2,1,2.36,0.81,-0.81,-17.4
"61","SL",2023-08-20,76.3,3.33,3.44,"Kolarek, Adam",680700,592473,"field_out","hit_into_play",NA,NA,NA,NA,5,"Richie Palacios grounds out, second baseman Jeff McNeil to first baseman Pete Alonso.","R","L","L","STL","NYM","X",4,"ground_ball",1,2,2023,-0.85,0.57,-0.09,2.27,NA,NA,NA,0,6,"Bot",146.49,141.31,NA,NA,NA,NA,-5.67791831683433,-110.900075173425,3.59873928365386,-6.03457108109219,19.531801340417,-28.3587596482157,3.24,1.51,100,84.9,6,76.5,2252,6.5,716921,553882,624413,643446,660620,596019,607043,542364,621466,54.05,0.4,0.37,0,1,0,0,4,50,4,"Slider",3,2,3,2,2,3,3,2,"Standard","Standard",265,-0.021,-0.193,58.3,6.5,0.451,0.193,88,1,1,0.746,0.746,34,26,34,26,1,2,70,1,2,1,3.35,-0.85,-0.85,-17.2
"62","SL",2023-08-20,76.3,3.38,3.35,"Kolarek, Adam",680700,592473,"","ball",NA,NA,NA,NA,9,"Richie Palacios grounds out, second baseman Jeff McNeil to first baseman Pete Alonso.","R","L","L","STL","NYM","B",NA,"",0,2,2023,-0.76,0.94,0.37,1.65,NA,NA,NA,0,6,"Bot",NA,NA,NA,NA,NA,NA,-4.99205696561491,-111.071105289292,1.78332048424723,-5.4315584632252,19.6156218747447,-24.921805124678,3.29,1.52,NA,NA,NA,76.7,2153,6.5,716921,553882,624413,643446,660620,596019,607043,542364,621466,53.99,NA,NA,NA,NA,NA,NA,NA,50,3,"Slider",3,2,3,2,2,3,3,2,"Standard","Standard",270,0,0.024,NA,NA,NA,-0.024,NA,1,1,0.746,0.746,34,26,34,26,1,2,70,1,2,1,2.97,-0.76,-0.76,-22.1
"63","SI",2023-08-20,87.6,3.8,3.11,"Kolarek, Adam",680700,592473,"","called_strike",NA,NA,NA,NA,6,"Richie Palacios grounds out, second baseman Jeff McNeil to first baseman Pete Alonso.","R","L","L","STL","NYM","S",NA,"",0,1,2023,1.1,-0.16,0.45,2.13,NA,NA,NA,0,6,"Bot",NA,NA,NA,NA,NA,NA,-10.3728721161996,-127.230590149164,4.06755131683036,13.9109083850849,22.6394025673266,-34.8741180289619,3.54,1.48,NA,NA,NA,88.2,2161,6.5,716921,553882,624413,643446,660620,596019,607043,542364,621466,54.02,NA,NA,NA,NA,NA,NA,NA,50,2,"Sinker",3,2,3,2,2,3,3,2,"Standard","Standard",88,0,-0.054,NA,NA,NA,0.054,NA,1,1,0.746,0.746,34,26,34,26,1,2,70,1,2,1,3.11,1.1,1.1,-24
"64","SI",2023-08-20,88,3.48,3.12,"Kolarek, Adam",680700,592473,"","foul_bunt",NA,NA,NA,NA,6,"Richie Palacios grounds out, second baseman Jeff McNeil to first baseman Pete Alonso.","R","L","L","STL","NYM","S",NA,"",0,0,2023,1.1,-0.49,0.54,2.16,NA,NA,NA,0,6,"Bot",NA,NA,NA,NA,NA,NA,-9.43273384865374,-127.812970263365,4.73403884333003,13.8183165419501,21.2782269562925,-38.6089036602725,3.24,1.51,1,NA,NA,88.9,2248,6.5,716921,553882,624413,643446,660620,596019,607043,542364,621466,53.97,NA,NA,NA,NA,NA,NA,NA,50,1,"Sinker",3,2,3,2,2,3,3,2,"Infield shade","Standard",87,0,-0.042,5.5,1.4,NA,0.042,NA,1,1,0.746,0.746,34,26,34,26,1,2,70,1,2,1,3.39,1.1,1.1,-22.8
"65","SI",2023-06-11,87.5,3.56,3.08,"Kolarek, Adam",656941,592473,"field_out","hit_into_play",NA,NA,NA,NA,3,"Kyle Schwarber grounds out, first baseman Freddie Freeman to pitcher Adam Kolarek.","R","L","L","PHI","LAD","X",3,"ground_ball",1,1,2023,0.82,-0.55,0.62,2.73,NA,NA,NA,2,4,"Bot",159.9,163.4,NA,NA,NA,NA,-8.80296606238041,-126.987405417279,6.44816945768432,10.5877234672624,23.8810660262607,-39.6285089505714,3.17,1.49,3,73.7,-40,88,2133,6.6,717806,669257,518692,678246,571970,500743,444482,518792,605141,53.94,0.106,0.09,0,1,0,0,2,35,3,"Sinker",3,0,3,0,0,3,3,0,"Infield shade","Standard",80,-0.005,-0.261,NA,NA,0.119,0.261,88,3,3,0.851,0.851,34,30,34,30,1,2,NA,1,70,1,3.52,0.82,0.82,-22
"66","SI",2023-06-11,89,3.51,3.17,"Kolarek, Adam",656941,592473,"","swinging_strike",NA,NA,NA,NA,8,"Kyle Schwarber grounds out, first baseman Freddie Freeman to pitcher Adam Kolarek.","R","L","L","PHI","LAD","S",NA,"",1,0,2023,1.18,-0.58,-0.22,1.88,NA,NA,NA,2,4,"Bot",NA,NA,NA,NA,NA,NA,-11.633208035055,-129.040635894031,4.10959558722361,15.474011097095,24.8506185797158,-39.8079073537502,3.17,1.49,NA,NA,NA,89.4,2084,6.6,717806,669257,518692,678246,571970,500743,444482,518792,605141,53.92,NA,NA,NA,NA,NA,NA,NA,35,2,"Sinker",3,0,3,0,0,3,3,0,"Infield shade","Standard",83,0,-0.056,NA,NA,NA,0.056,NA,3,3,0.851,0.851,34,30,34,30,1,2,NA,1,70,1,3.46,1.18,1.18,-23.1
"67","SI",2023-06-11,89.3,3.59,3.12,"Kolarek, Adam",656941,592473,"","ball",NA,NA,NA,NA,14,"Kyle Schwarber grounds out, first baseman Freddie Freeman to pitcher Adam Kolarek.","R","L","L","PHI","LAD","B",NA,"",0,0,2023,0.98,-0.65,1.61,2.17,NA,NA,NA,2,4,"Bot",NA,NA,NA,NA,NA,NA,-6.98073034501081,-129.86690426746,5.06818421265932,12.4621555929338,25.3629502336523,-40.8231502958952,3.3,1.53,NA,NA,NA,90,2131,6.6,717806,669257,518692,678246,571970,500743,444482,518792,605141,53.9,NA,NA,NA,NA,NA,NA,NA,35,1,"Sinker",3,0,3,0,0,3,3,0,"Infield shade","Standard",86,0,0.043,NA,NA,NA,-0.043,NA,3,3,0.851,0.851,34,30,34,30,1,2,NA,1,70,1,3.5,0.98,0.98,-20.8
"68","SI",2023-06-11,90.2,3.46,3.54,"Kolarek, Adam",596117,592473,"strikeout","swinging_strike",NA,NA,NA,NA,14,"Garrett Stubbs strikes out swinging.","R","L","L","PHI","LAD","S",2,"",2,2,2023,1.22,-0.47,1.14,2.07,NA,NA,NA,1,4,"Bot",NA,NA,NA,NA,NA,NA,-8.42142469335092,-131.108000365943,3.32793445468702,15.8230733050261,26.4581716214421,-38.5208500459412,2.93,1.32,NA,NA,NA,91,2272,6.8,717806,669257,518692,678246,571970,500743,444482,518792,605141,53.74,NA,0,0,1,0,0,NA,34,5,"Sinker",3,0,3,0,0,3,3,0,"Standard","Standard",89,-0.007,-0.234,NA,NA,NA,0.234,NA,3,3,0.858,0.858,34,30,34,30,1,1,NA,1,70,2,3.27,1.22,1.22,-15.3
"69","SI",2023-06-11,89.3,3.63,3.29,"Kolarek, Adam",596117,592473,"","swinging_strike",NA,NA,NA,NA,12,"Garrett Stubbs strikes out swinging.","R","L","L","PHI","LAD","S",NA,"",2,1,2023,1.09,-0.62,1.17,2.3,NA,NA,NA,1,4,"Bot",NA,NA,NA,NA,NA,NA,-8.38988795646653,-129.619377712865,4.98499356153987,14.0852219007831,27.6736581873934,-40.5389044587597,2.93,1.32,NA,NA,NA,89.5,2266,6.6,717806,669257,518692,678246,571970,500743,444482,518792,605141,53.91,NA,NA,NA,NA,NA,NA,NA,34,4,"Sinker",3,0,3,0,0,3,3,0,"Standard","Standard",81,0,-0.076,NA,NA,NA,0.076,NA,3,3,0.858,0.858,34,30,34,30,1,1,NA,1,70,2,3.5,1.09,1.09,-24.3
"70","SI",2023-06-11,88.5,3.63,3.22,"Kolarek, Adam",596117,592473,"","ball",NA,NA,NA,NA,12,"Garrett Stubbs strikes out swinging.","R","L","L","PHI","LAD","B",NA,"",1,1,2023,0.97,-0.59,1.34,2.6,NA,NA,NA,1,4,"Bot",NA,NA,NA,NA,NA,NA,-7.70500282793062,-128.444817391974,5.92570483094358,12.3803802757494,27.2184514175235,-40.2795787234823,2.97,1.32,NA,NA,NA,89.2,2269,6.9,717806,669257,518692,678246,571970,500743,444482,518792,605141,53.56,NA,NA,NA,NA,NA,NA,NA,34,3,"Sinker",3,0,3,0,0,3,3,0,"Standard","Standard",87,0,0.054,NA,NA,NA,-0.054,NA,3,3,0.858,0.858,34,30,34,30,1,1,NA,1,70,2,3.53,0.97,0.97,-20.9
"71","SL",2023-06-11,78.2,3.3,4.05,"Kolarek, Adam",596117,592473,"","ball",NA,NA,NA,NA,13,"Garrett Stubbs strikes out swinging.","R","L","L","PHI","LAD","B",NA,"",0,1,2023,-1.57,0.4,-0.88,1.33,NA,NA,NA,1,4,"Bot",NA,NA,NA,NA,NA,NA,-6.14153363407059,-113.768212622121,0.324317720056617,-12.3975629051681,21.8844904287592,-29.0443913744368,2.89,1.32,NA,NA,NA,78.6,2342,6.7,717806,669257,518692,678246,571970,500743,444482,518792,605141,53.78,NA,NA,NA,NA,NA,NA,NA,34,2,"Slider",3,0,3,0,0,3,3,0,"Standard","Standard",279,0,0.03,NA,NA,NA,-0.03,NA,3,3,0.858,0.858,34,30,34,30,1,1,NA,1,70,2,3.35,-1.57,-1.57,-3.7
"72","SI",2023-06-11,89.7,3.49,3.65,"Kolarek, Adam",596117,592473,"","missed_bunt",NA,NA,NA,NA,6,"Garrett Stubbs strikes out swinging.","R","L","L","PHI","LAD","S",NA,"",0,0,2023,1.15,-0.43,0.64,2.34,NA,NA,NA,1,4,"Bot",NA,NA,NA,NA,NA,NA,-9.54227822473392,-130.19940018602,3.70975717511311,15.03271619975,26.0801221359722,-38.1072523855487,2.93,1.32,NA,NA,NA,90.4,2307,6.8,717806,669257,518692,678246,571970,500743,444482,518792,605141,53.75,NA,NA,NA,NA,NA,NA,NA,34,1,"Sinker",3,0,3,0,0,3,3,0,"Standard","Standard",104,0,-0.041,NA,NA,NA,0.041,NA,3,3,0.858,0.858,34,30,34,30,1,1,NA,1,70,2,3.27,1.15,1.15,-12.2
"73","SL",2023-06-11,80,3.56,3.72,"Kolarek, Adam",669016,592473,"strikeout","swinging_strike",NA,NA,NA,NA,4,"Brandon Marsh strikes out swinging.","R","L","L","PHI","LAD","S",2,"",0,2,2023,-1.19,0.84,-0.53,2.27,NA,NA,NA,0,4,"Bot",NA,NA,NA,NA,NA,NA,-6.78579607993516,-116.358213619064,1.95780714744547,-9.52672843633204,22.3282184073995,-25.1336947829845,3.01,1.45,NA,NA,NA,80.3,2307,6.6,717806,669257,518692,678246,571970,500743,444482,518792,605141,53.94,NA,0,0,1,0,0,NA,33,3,"Slider",3,0,3,0,0,3,3,0,"Infield shade","Standard",274,-0.01,-0.169,NA,NA,NA,0.169,NA,3,3,0.868,0.868,34,25,34,26,1,1,NA,1,70,2,2.73,-1.19,-1.19,-10
"74","SI",2023-06-11,88.3,3.64,3.5,"Kolarek, Adam",669016,592473,"","called_strike",NA,NA,NA,NA,3,"Brandon Marsh strikes out swinging.","R","L","L","PHI","LAD","S",NA,"",0,1,2023,1.11,-0.41,0.54,2.74,NA,NA,NA,0,4,"Bot",NA,NA,NA,NA,NA,NA,-9.89472299068807,-128.081279932293,5.18059070078738,14.281220168234,26.2905516009953,-38.0736687937275,3.09,1.45,NA,NA,NA,88.7,2283,6.7,717806,669257,518692,678246,571970,500743,444482,518792,605141,53.82,NA,NA,NA,NA,NA,NA,NA,33,2,"Sinker",3,0,3,0,0,3,3,0,"Standard","Standard",91,0,-0.054,NA,NA,NA,0.054,NA,3,3,0.868,0.868,34,25,34,26,1,1,NA,1,70,2,3.35,1.11,1.11,-15.1
"75","SI",2023-06-11,88.2,3.5,3.39,"Kolarek, Adam",669016,592473,"","foul",NA,NA,NA,NA,12,"Brandon Marsh strikes out swinging.","R","L","L","PHI","LAD","S",NA,"",0,0,2023,0.92,-0.21,0.99,2.4,NA,NA,NA,0,4,"Bot",NA,NA,NA,NA,NA,NA,-8.06117386628251,-128.130581138586,4.13452436656739,11.7163462573794,24.415796101634,-35.5924067425907,3.01,1.45,179,68.6,54,89,2178,6.7,717806,669257,518692,678246,571970,500743,444482,518792,605141,53.81,NA,NA,NA,NA,NA,NA,NA,33,1,"Sinker",3,0,3,0,0,3,3,0,"Standard","Standard",83,0,-0.042,NA,NA,NA,0.042,88,3,3,0.868,0.868,34,25,34,26,1,1,NA,1,70,2,3.14,0.92,0.92,-18
"76","SI",2023-06-11,86.8,3.54,3.11,"Kolarek, Adam",665019,592473,"field_out","hit_into_play",NA,NA,NA,NA,4,"Kody Clemens grounds out, second baseman Miguel Vargas to first baseman Freddie Freeman.","R","L","L","PHI","LAD","X",4,"ground_ball",1,0,2023,0.85,-0.29,-0.31,2.3,NA,NA,681082,2,3,"Bot",152.28,148.13,NA,NA,NA,NA,-10.991231376351,-125.890329466157,4.84944148799741,11.0768863068181,21.6652064247017,-36.3944068943202,3.5,1.69,16,96.5,-7,87.6,2173,6.7,717806,669257,518692,678246,571970,500743,444482,518792,605141,53.85,0.251,0.243,0,1,0,0,2,29,2,"Sinker",3,0,3,0,0,3,3,0,"Infield shade","Standard",75,-0.011,-0.316,NA,NA,0.281,0.316,96.5,3,3,0.835,0.835,34,27,34,27,1,1,NA,1,70,1,3.3,0.85,0.85,-21.5
"77","SI",2023-06-11,89.3,3.53,3.35,"Kolarek, Adam",665019,592473,"","ball",NA,NA,NA,NA,12,"Kody Clemens grounds out, second baseman Miguel Vargas to first baseman Freddie Freeman.","R","L","L","PHI","LAD","B",NA,"",0,0,2023,1.02,-0.56,0.19,3.86,NA,NA,681082,2,3,"Bot",NA,NA,NA,NA,NA,NA,-10.4407685527588,-129.359112927622,8.55352700286837,13.519030076407,24.2427706905679,-40.4566197643273,3.48,1.57,NA,NA,NA,90.2,2143,6.9,717806,669257,518692,678246,571970,500743,444482,518792,605141,53.62,NA,NA,NA,NA,NA,NA,NA,29,1,"Sinker",3,0,3,0,0,3,3,0,"Standard","Standard",89,0,0.03,NA,NA,NA,-0.03,NA,3,3,0.835,0.835,34,27,34,27,1,1,NA,1,70,1,3.42,1.02,1.02,-18.3
"78","SI",2023-06-11,88.6,3.74,3.17,"Kolarek, Adam",681082,592473,"single","hit_into_play",NA,NA,NA,NA,14,"Bryson Stott singles on a fly ball to center fielder Jason Heyward. Trea Turner scores. Bryce Harper scores.","R","L","L","PHI","LAD","X",8,"fly_ball",3,2,2023,0.93,-0.43,0.98,2.29,607208,547180,NA,2,3,"Bot",93.82,95.48,NA,NA,NA,NA,-8.75477819216944,-128.747328029394,4.84302175940856,12.1198152948632,24.8962784054345,-38.1680371000361,3.14,1.49,255,76.8,30,89.4,2062,6.7,717806,669257,518692,678246,571970,500743,444482,518792,605141,53.82,0.229,0.206,0.9,1,1,0,3,28,6,"Sinker",1,0,1,0,0,3,3,0,"Standard","Standard",85,0.154,0.761,NA,NA,0.268,-0.761,88,1,1,0.681,0.681,34,25,34,26,1,1,NA,1,70,1,3.32,0.93,0.93,-22.9
"79","SI",2023-06-11,87.8,3.86,3.03,"Kolarek, Adam",681082,592473,"","ball",NA,NA,NA,NA,14,"Bryson Stott singles on a fly ball to center fielder Jason Heyward. Trea Turner scores. Bryce Harper scores.","R","L","L","PHI","LAD","B",NA,"",2,2,2023,0.98,-0.81,1.9,1.35,607208,547180,NA,2,3,"Bot",NA,NA,NA,NA,NA,NA,-6.81304871411521,-127.615474827077,3.796305839753,12.1573293200091,27.3064459095727,-42.0970225051652,3.13,1.46,NA,NA,NA,88.2,2152,6.7,717806,669257,518692,678246,571970,500743,444482,518792,605141,53.82,NA,NA,NA,NA,NA,NA,NA,28,5,"Sinker",1,0,1,0,0,1,1,0,"Standard","Standard",75,0,0.055,NA,NA,NA,-0.055,NA,1,1,0.681,0.681,34,25,34,26,1,1,NA,1,70,1,3.79,0.98,0.98,-26.7
"80","SI",2023-06-11,88.1,3.7,3.15,"Kolarek, Adam",681082,592473,"","foul",NA,NA,NA,NA,6,"Bryson Stott singles on a fly ball to center fielder Jason Heyward. Trea Turner scores. Bryce Harper scores.","R","L","L","PHI","LAD","S",NA,"",2,1,2023,1.3,-0.62,0.51,2.12,607208,547180,NA,2,3,"Bot",NA,NA,NA,NA,NA,NA,-10.4745670233986,-127.624522679238,5.019847927633,16.4231175468915,27.785647476516,-40.3904196217225,3.14,1.49,1,72,-58,88,2328,6.6,717806,669257,518692,678246,571970,500743,444482,518792,605141,53.88,NA,NA,NA,NA,NA,NA,NA,28,4,"Sinker",1,0,1,0,0,1,1,0,"Standard","Standard",80,0,-0.087,NA,NA,NA,0.087,88,1,1,0.681,0.681,34,25,34,26,1,1,NA,1,70,1,3.6,1.3,1.3,-22.6
"81","SI",2023-06-11,87,3.68,2.93,"Kolarek, Adam",681082,592473,"","ball",NA,NA,NA,NA,14,"Bryson Stott singles on a fly ball to center fielder Jason Heyward. Trea Turner scores. Bryce Harper scores.","R","L","L","PHI","LAD","B",NA,"",1,1,2023,1.15,-0.53,1.83,1,607208,547180,NA,2,3,"Bot",NA,NA,NA,NA,NA,NA,-6.81813501890115,-126.561091232785,2.6249953526974,13.7352637896695,24.6526834703987,-38.616310591065,3.12,1.49,NA,NA,NA,87.4,2204,6.4,717806,669257,518692,678246,571970,500743,444482,518792,605141,54.05,NA,NA,NA,NA,NA,NA,NA,28,3,"Sinker",1,0,1,0,0,1,1,0,"Standard","Standard",81,0,0.038,NA,NA,NA,-0.038,NA,1,1,0.681,0.681,34,25,34,26,1,1,NA,1,70,1,3.53,1.15,1.15,-26.9
"82","SI",2023-06-11,86.9,3.69,3.09,"Kolarek, Adam",681082,592473,"","called_strike",NA,NA,NA,NA,1,"Bryson Stott singles on a fly ball to center fielder Jason Heyward. Trea Turner scores. Bryce Harper scores.","R","L","L","PHI","LAD","S",NA,"",1,0,2023,0.71,-0.39,-0.47,2.96,607208,547180,NA,2,3,"Bot",NA,NA,NA,NA,NA,NA,-11.438395363416,-125.897305128915,6.71572228449781,9.8013951352944,24.1419480743907,-37.9285619831305,3.11,1.46,NA,NA,NA,87.2,2262,6.6,717806,669257,518692,678246,571970,500743,444482,518792,605141,53.91,NA,NA,NA,NA,NA,NA,NA,28,2,"Sinker",1,0,1,0,0,1,1,0,"Standard","Standard",78,0,-0.053,NA,NA,NA,0.053,NA,1,1,0.681,0.681,34,25,34,26,1,1,NA,1,70,1,3.42,0.71,0.71,-19.5
"83","SI",2023-06-11,87.2,3.68,3.08,"Kolarek, Adam",681082,592473,"","ball",NA,NA,NA,NA,14,"Bryson Stott singles on a fly ball to center fielder Jason Heyward. Trea Turner scores. Bryce Harper scores.","R","L","L","PHI","LAD","B",NA,"",0,0,2023,1.16,-0.48,1.24,1.79,607208,547180,NA,2,3,"Bot",NA,NA,NA,NA,NA,NA,-8.28598349773628,-126.684563517229,4.11823388182915,14.1951415353328,25.8792478081848,-38.4883311385668,3.21,1.49,NA,NA,NA,87.5,2231,6.6,717806,669257,518692,678246,571970,500743,444482,518792,605141,53.94,NA,NA,NA,NA,NA,NA,NA,28,1,"Sinker",1,0,1,0,0,1,1,0,"Standard","Standard",82,0,0.018,NA,NA,NA,-0.018,NA,1,1,0.681,0.681,34,25,34,26,1,1,NA,1,70,1,3.49,1.16,1.16,-24.9
